<?xml version='1.0' encoding='UTF-8'?>
<?artifactRepository version='1.1.0'?>
<repository name='file:/C:/Users/usuario/mulesoft/workspace/hello-world-connector/target/update-site/ - artifacts' type='org.eclipse.equinox.p2.artifact.repository.simpleRepository' version='1'>
  <properties size='2'>
    <property name='p2.timestamp' value='1432213520268'/>
    <property name='p2.compressed' value='false'/>
  </properties>
  <mappings size='3'>
    <rule filter='(&amp; (classifier=osgi.bundle))' output='${repoUrl}/plugins/${id}_${version}.jar'/>
    <rule filter='(&amp; (classifier=binary))' output='${repoUrl}/binary/${id}_${version}'/>
    <rule filter='(&amp; (classifier=org.eclipse.update.feature))' output='${repoUrl}/features/${id}_${version}.jar'/>
  </mappings>
  <artifacts size='2'>
    <artifact classifier='osgi.bundle' id='org.mule.tooling.ui.contribution.hello-world.3.5.0' version='1.0.0.201505211504'>
      <properties size='3'>
        <property name='artifact.size' value='139840'/>
        <property name='download.size' value='139840'/>
        <property name='download.md5' value='106661bc34b9d6a3e7e4c17895166f71'/>
      </properties>
    </artifact>
    <artifact classifier='org.eclipse.update.feature' id='org.mule.tooling.ui.extension.hello-world-connector.3.5.0' version='1.0.0.201505211504'>
      <properties size='4'>
        <property name='artifact.size' value='10060'/>
        <property name='download.size' value='10060'/>
        <property name='download.md5' value='30225e32cf447428935928289234d338'/>
        <property name='download.contentType' value='application/zip'/>
      </properties>
    </artifact>
  </artifacts>
</repository>
