<?xml version="1.0" encoding="UTF-8"?>

<mule xmlns:vm="http://www.mulesoft.org/schema/mule/vm" xmlns:context="http://www.springframework.org/schema/context" xmlns:http="http://www.mulesoft.org/schema/mule/http" xmlns="http://www.mulesoft.org/schema/mule/core" xmlns:doc="http://www.mulesoft.org/schema/mule/documentation"
	xmlns:spring="http://www.springframework.org/schema/beans" version="EE-3.6.1"
	xmlns:xsi="http://www.w3.org/2001/XMLSchema-instance"
	xsi:schemaLocation="http://www.springframework.org/schema/beans http://www.springframework.org/schema/beans/spring-beans-current.xsd
http://www.mulesoft.org/schema/mule/core http://www.mulesoft.org/schema/mule/core/current/mule.xsd
http://www.mulesoft.org/schema/mule/http http://www.mulesoft.org/schema/mule/http/current/mule-http.xsd
http://www.springframework.org/schema/context http://www.springframework.org/schema/context/spring-context-current.xsd
http://www.mulesoft.org/schema/mule/vm http://www.mulesoft.org/schema/mule/vm/current/mule-vm.xsd">
    <context:property-placeholder location="spk1.properties,global.properties" ignore-resource-not-found="true"/>
    
    <flow name="mule-spk-1Flow">
        <http:inbound-endpoint exchange-pattern="request-response" host="localhost" port="${test1.http.port:8081}" doc:name="HTTP" connector-ref="HTTP_HTTPS" path="test1"/>
        <flow-ref name="mule-spk-1Sub_Flow" doc:name="mule-spk-1Sub_Flow"/>
        <vm:outbound-endpoint exchange-pattern="one-way" path="vm1" doc:name="VM"/>
    </flow>
    
    <flow name="mule-spk-2Flow">
        <http:inbound-endpoint exchange-pattern="request-response" host="localhost" port="${test1.http.port:8081}" doc:name="HTTP" connector-ref="HTTP_HTTPS" path="test11"/>
        <set-payload value="hola mundo 11" doc:name="Set Payload"/>
    </flow>
    <sub-flow name="mule-spk-1Sub_Flow">
        <set-payload value="hola mundoo" doc:name="set hola mundo"/>
    </sub-flow>
    
    <flow name="mule-spk-1Flow1">
        <vm:inbound-endpoint exchange-pattern="one-way"  doc:name="VM" path="vm1"/>
        <expression-component doc:name="sleep(5000)"><![CDATA[java.lang.Thread.currentThread().sleep(5000);]]></expression-component>
        <logger message="Mensaje asincrono" level="INFO" doc:name="Logger"/>
    </flow>
    
</mule>
